{"cameraMode":{"drawMode":0,"name":"Shaded","section":"Shading Mode"},"sceneLighting":true,"audioPlay":false,"sceneViewState":{"showFog":true,"showMaterialUpdate":false,"showSkybox":true,"showFlares":true,"showImageEffects":true,"showParticleSystems":true},"in2DMode":false,"pivot":{"x":10.324530601501465,"y":0.19166803359985352,"z":39.22910690307617},"rotation":{"x":-0.012194356881082058,"y":0.986038088798523,"z":-0.08332553505897522,"w":-0.14386530220508576},"size":12.916107177734375,"orthographic":false}