{"cameraMode":{"drawMode":0,"name":"Shaded","section":"Shading Mode"},"sceneLighting":true,"audioPlay":false,"sceneViewState":{"showFog":false,"showMaterialUpdate":false,"showSkybox":false,"showFlares":false,"showImageEffects":false,"showParticleSystems":false},"in2DMode":false,"pivot":{"x":-2.259784698486328,"y":3.1738765239715578,"z":-9.497915267944336},"rotation":{"x":-0.05312677472829819,"y":-0.6759049892425537,"z":0.048962224274873736,"w":-0.7334538698196411},"size":14.168343544006348,"orthographic":false}